{"cameraMode":{"drawMode":0,"name":"Shaded","section":"Shading Mode"},"sceneLighting":false,"audioPlay":false,"sceneViewState":{"showFog":true,"showMaterialUpdate":false,"showSkybox":true,"showFlares":true,"showImageEffects":true,"showParticleSystems":true},"in2DMode":false,"pivot":{"x":1.0591835975646973,"y":2.0495071411132814,"z":-1.1809251308441163},"rotation":{"x":-0.0349249392747879,"y":-0.8997654318809509,"z":0.07333698868751526,"w":-0.4289848208427429},"size":6.330481052398682,"orthographic":false}