{"cameraMode":{"drawMode":0,"name":"Shaded","section":"Shading Mode"},"sceneLighting":false,"audioPlay":false,"sceneViewState":{"showFog":true,"showMaterialUpdate":false,"showSkybox":true,"showFlares":true,"showImageEffects":true,"showParticleSystems":true},"in2DMode":false,"pivot":{"x":-16.82269859313965,"y":1.1907141208648682,"z":-0.3861665725708008},"rotation":{"x":-0.09260142594575882,"y":-0.6072852611541748,"z":0.0715884417295456,"w":-0.7858787178993225},"size":5.386800289154053,"orthographic":false}