{"cameraMode":{"drawMode":0,"name":"Shaded","section":"Shading Mode"},"sceneLighting":false,"audioPlay":false,"sceneViewState":{"showFog":true,"showMaterialUpdate":false,"showSkybox":true,"showFlares":true,"showImageEffects":true,"showParticleSystems":true},"in2DMode":false,"pivot":{"x":0.0,"y":0.8051974773406982,"z":0.01028287410736084},"rotation":{"x":-0.07626498490571976,"y":-0.6062790155410767,"z":0.05857625603675842,"w":-0.7894572615623474},"size":5.4017205238342289,"orthographic":false}