{"cameraMode":{"drawMode":0,"name":"Shaded","section":"Shading Mode"},"sceneLighting":true,"audioPlay":false,"sceneViewState":{"showFog":false,"showMaterialUpdate":false,"showSkybox":false,"showFlares":false,"showImageEffects":false,"showParticleSystems":false},"in2DMode":false,"pivot":{"x":-18.255046844482423,"y":2.2083749771118166,"z":-3.590956926345825},"rotation":{"x":-0.0012465063482522965,"y":0.8861590027809143,"z":0.002384331775829196,"w":0.463373601436615},"size":7.227896690368652,"orthographic":false}