{"cameraMode":{"drawMode":0,"name":"Shaded","section":"Shading Mode"},"sceneLighting":false,"audioPlay":false,"sceneViewState":{"showFog":false,"showMaterialUpdate":false,"showSkybox":false,"showFlares":false,"showImageEffects":false,"showParticleSystems":false},"in2DMode":false,"pivot":{"x":-25.238929748535158,"y":1.9941000938415528,"z":0.03215785324573517},"rotation":{"x":0.00008425569831160828,"y":-0.5918835997581482,"z":-0.0025478771422058346,"w":-0.8074453473091126},"size":0.32433632016181948,"orthographic":false}