{"cameraMode":{"drawMode":0,"name":"Shaded","section":"Shading Mode"},"sceneLighting":false,"audioPlay":false,"sceneViewState":{"showFog":false,"showMaterialUpdate":false,"showSkybox":false,"showFlares":false,"showImageEffects":false,"showParticleSystems":false},"in2DMode":false,"pivot":{"x":837.7639770507813,"y":-21.203014373779298,"z":-26.27734375},"rotation":{"x":0.17519375681877137,"y":0.6332898139953613,"z":-0.1528622955083847,"w":0.7421998977661133},"size":2043.6353759765625,"orthographic":false}