{"cameraMode":{"drawMode":0,"name":"Shaded","section":"Shading Mode"},"sceneLighting":true,"audioPlay":false,"sceneViewState":{"showFog":false,"showMaterialUpdate":false,"showSkybox":false,"showFlares":false,"showImageEffects":false,"showParticleSystems":false},"in2DMode":false,"pivot":{"x":-17.343753814697267,"y":1.2256972789764405,"z":17.040287017822267},"rotation":{"x":0.23498409986495973,"y":-0.011205042712390423,"z":0.008594948798418045,"w":0.9734865427017212},"size":18.86743927001953,"orthographic":false}