{"cameraMode":{"drawMode":0,"name":"Shaded","section":"Shading Mode"},"sceneLighting":true,"audioPlay":false,"sceneViewState":{"showFog":false,"showMaterialUpdate":false,"showSkybox":false,"showFlares":false,"showImageEffects":false,"showParticleSystems":false},"in2DMode":false,"pivot":{"x":18.943809509277345,"y":0.5905632972717285,"z":-0.003057718276977539},"rotation":{"x":0.03021964803338051,"y":0.6721413135528565,"z":-0.027420494705438615,"w":0.7395527958869934},"size":22.0,"orthographic":false}