{"cameraMode":{"drawMode":0,"name":"Shaded","section":"Shading Mode"},"sceneLighting":false,"audioPlay":false,"sceneViewState":{"showFog":false,"showMaterialUpdate":false,"showSkybox":false,"showFlares":false,"showImageEffects":false,"showParticleSystems":false},"in2DMode":false,"pivot":{"x":-0.5035738348960877,"y":0.006084874272346497,"z":-0.2970304489135742},"rotation":{"x":0.08890605717897415,"y":0.6960030198097229,"z":-0.0866725742816925,"w":0.7078629732131958},"size":0.4621275067329407,"orthographic":false}