{"cameraMode":{"drawMode":0,"name":"Shaded","section":"Shading Mode"},"sceneLighting":false,"audioPlay":false,"sceneViewState":{"showFog":false,"showMaterialUpdate":false,"showSkybox":false,"showFlares":false,"showImageEffects":false,"showParticleSystems":false},"in2DMode":false,"pivot":{"x":0.06090188026428223,"y":0.114107146859169,"z":0.08679774403572083},"rotation":{"x":-0.05068860575556755,"y":0.8717080354690552,"z":0.09889063239097595,"w":0.4814758896827698},"size":0.5758043527603149,"orthographic":false}