{"cameraMode":{"drawMode":0,"name":"Shaded","section":"Shading Mode"},"sceneLighting":true,"audioPlay":false,"sceneViewState":{"showFog":false,"showMaterialUpdate":false,"showSkybox":false,"showFlares":false,"showImageEffects":false,"showParticleSystems":false},"in2DMode":false,"pivot":{"x":-25.142255783081056,"y":1.6588611602783204,"z":-1.5687384605407715},"rotation":{"x":-0.11951896548271179,"y":-0.2731797993183136,"z":0.03392929211258888,"w":-0.9550383687019348},"size":4.041658401489258,"orthographic":false}