{"cameraMode":{"drawMode":0,"name":"Shaded","section":"Shading Mode"},"sceneLighting":true,"audioPlay":false,"sceneViewState":{"showFog":false,"showMaterialUpdate":false,"showSkybox":false,"showFlares":false,"showImageEffects":false,"showParticleSystems":false},"in2DMode":false,"pivot":{"x":12.969870567321778,"y":9.888260841369629,"z":-0.510301947593689},"rotation":{"x":0.012899980880320073,"y":0.7095309495925903,"z":-0.012991759926080704,"w":0.7044429183006287},"size":10.14897632598877,"orthographic":false}