{"cameraMode":{"drawMode":0,"name":"Shaded","section":"Shading Mode"},"sceneLighting":false,"audioPlay":false,"sceneViewState":{"showFog":false,"showMaterialUpdate":false,"showSkybox":false,"showFlares":false,"showImageEffects":false,"showParticleSystems":false},"in2DMode":false,"pivot":{"x":5.167457103729248,"y":0.36807727813720705,"z":-16.5717830657959},"rotation":{"x":0.006333496887236834,"y":0.9878425002098084,"z":-0.04182003438472748,"w":0.14960063993930818},"size":22.0,"orthographic":false}