{"cameraMode":{"drawMode":0,"name":"Shaded","section":"Shading Mode"},"sceneLighting":false,"audioPlay":false,"sceneViewState":{"showFog":false,"showMaterialUpdate":false,"showSkybox":false,"showFlares":false,"showImageEffects":false,"showParticleSystems":false},"in2DMode":false,"pivot":{"x":-4.1972880363464359,"y":1.683963418006897,"z":0.0001360177993774414},"rotation":{"x":-0.04460904002189636,"y":-0.29865142703056338,"z":0.0141524076461792,"w":-0.9533920884132385},"size":6.1084370613098148,"orthographic":false}