{"cameraMode":{"drawMode":0,"name":"Shaded","section":"Shading Mode"},"sceneLighting":true,"audioPlay":false,"sceneViewState":{"showFog":false,"showMaterialUpdate":false,"showSkybox":false,"showFlares":false,"showImageEffects":false,"showParticleSystems":false},"in2DMode":false,"pivot":{"x":-28.762325286865236,"y":1.9917548894882203,"z":-1.2153120040893555},"rotation":{"x":-0.08074385672807694,"y":0.19664554297924043,"z":-0.016555292531847955,"w":-0.9781006574630737},"size":4.041658401489258,"orthographic":false}