{"cameraMode":{"drawMode":0,"name":"Shaded","section":"Shading Mode"},"sceneLighting":false,"audioPlay":false,"sceneViewState":{"showFog":false,"showMaterialUpdate":false,"showSkybox":false,"showFlares":false,"showImageEffects":false,"showParticleSystems":false},"in2DMode":false,"pivot":{"x":-14.088347434997559,"y":0.19336020946502686,"z":6.253838539123535},"rotation":{"x":0.09374604374170304,"y":-0.6664893627166748,"z":-0.07325541228055954,"w":-0.7407567501068115},"size":0.5866869688034058,"orthographic":false}