{"cameraMode":{"drawMode":0,"name":"Shaded","section":"Shading Mode"},"sceneLighting":true,"audioPlay":false,"sceneViewState":{"showFog":false,"showMaterialUpdate":false,"showSkybox":false,"showFlares":false,"showImageEffects":false,"showParticleSystems":false},"in2DMode":false,"pivot":{"x":-25.148277282714845,"y":0.698949933052063,"z":-1.270277738571167},"rotation":{"x":-0.059537459164857867,"y":-0.7304798364639282,"z":0.06128222122788429,"w":-0.6792596578598023},"size":4.041658401489258,"orthographic":false}