{"cameraMode":{"drawMode":0,"name":"Shaded","section":"Shading Mode"},"sceneLighting":true,"audioPlay":false,"sceneViewState":{"showFog":false,"showMaterialUpdate":false,"showSkybox":false,"showFlares":false,"showImageEffects":false,"showParticleSystems":false},"in2DMode":false,"pivot":{"x":-13.75372314453125,"y":0.875,"z":6.6937785148620609},"rotation":{"x":-0.03174746036529541,"y":-0.5996286869049072,"z":0.03533495217561722,"w":-0.8032745122909546},"size":3.272536516189575,"orthographic":false}