{"cameraMode":{"drawMode":0,"name":"Shaded","section":"Shading Mode"},"sceneLighting":false,"audioPlay":false,"sceneViewState":{"showFog":false,"showMaterialUpdate":false,"showSkybox":false,"showFlares":false,"showImageEffects":false,"showParticleSystems":false},"in2DMode":false,"pivot":{"x":-0.3456103503704071,"y":0.006084874272346497,"z":-0.2751736640930176},"rotation":{"x":0.08890605717897415,"y":0.6960030198097229,"z":-0.0866725742816925,"w":0.7078629732131958},"size":0.46212756633758547,"orthographic":false}