{"cameraMode":{"drawMode":0,"name":"Shaded","section":"Shading Mode"},"sceneLighting":true,"audioPlay":false,"sceneViewState":{"showFog":false,"showMaterialUpdate":false,"showSkybox":false,"showFlares":false,"showImageEffects":false,"showParticleSystems":false},"in2DMode":false,"pivot":{"x":-32.549747467041019,"y":6.298269748687744,"z":5.352844715118408},"rotation":{"x":-0.009794855490326882,"y":0.6127030849456787,"z":-0.007458144333213568,"w":-0.7904148697853088},"size":41.10327911376953,"orthographic":false}