{"cameraMode":{"drawMode":0,"name":"Shaded","section":"Shading Mode"},"sceneLighting":true,"audioPlay":false,"sceneViewState":{"showFog":false,"showMaterialUpdate":false,"showSkybox":false,"showFlares":false,"showImageEffects":false,"showParticleSystems":false},"in2DMode":false,"pivot":{"x":3.819608688354492,"y":-12.616270065307618,"z":-4.032230854034424},"rotation":{"x":-0.2463219165802002,"y":-0.71883624792099,"z":0.32303813099861147,"w":-0.5695717930793762},"size":40.010372161865237,"orthographic":false}