{"cameraMode":{"drawMode":0,"name":"Shaded","section":"Shading Mode"},"sceneLighting":false,"audioPlay":false,"sceneViewState":{"showFog":false,"showMaterialUpdate":false,"showSkybox":false,"showFlares":false,"showImageEffects":false,"showParticleSystems":false},"in2DMode":false,"pivot":{"x":5.5359601974487309,"y":-0.48976898193359377,"z":-1.7273309230804444},"rotation":{"x":-0.02009367011487484,"y":0.7896273732185364,"z":-0.029972370713949205,"w":-0.6160820126533508},"size":6.9835405349731449,"orthographic":false}