{"cameraMode":{"drawMode":0,"name":"Shaded","section":"Shading Mode"},"sceneLighting":false,"audioPlay":false,"sceneViewState":{"showFog":false,"showMaterialUpdate":false,"showSkybox":false,"showFlares":false,"showImageEffects":false,"showParticleSystems":false},"in2DMode":false,"pivot":{"x":0.2822171449661255,"y":2.0377750396728517,"z":-0.025950908660888673},"rotation":{"x":0.001541185425594449,"y":0.9897945523262024,"z":-0.010699446313083172,"w":0.14231067895889283},"size":6.375114917755127,"orthographic":false}