{"cameraMode":{"drawMode":0,"name":"Shaded","section":"Shading Mode"},"sceneLighting":false,"audioPlay":false,"sceneViewState":{"showFog":false,"showMaterialUpdate":false,"showSkybox":false,"showFlares":false,"showImageEffects":false,"showParticleSystems":false},"in2DMode":false,"pivot":{"x":-0.850147545337677,"y":0.14012807607650758,"z":-0.10923997312784195},"rotation":{"x":0.022506674751639367,"y":0.9690428972244263,"z":0.09483278542757034,"w":-0.22902558743953706},"size":0.3741636872291565,"orthographic":false}