{"cameraMode":{"drawMode":0,"name":"Shaded","section":"Shading Mode"},"sceneLighting":false,"audioPlay":false,"sceneViewState":{"showFog":false,"showMaterialUpdate":false,"showSkybox":false,"showFlares":false,"showImageEffects":false,"showParticleSystems":false},"in2DMode":false,"pivot":{"x":-17.070873260498048,"y":1.2567366361618043,"z":-0.3125112056732178},"rotation":{"x":-0.007413835730403662,"y":0.9901642203330994,"z":-0.12724614143371583,"w":-0.05769256129860878},"size":7.227896690368652,"orthographic":false}