{"cameraMode":{"drawMode":0,"name":"Shaded","section":"Shading Mode"},"sceneLighting":false,"audioPlay":false,"sceneViewState":{"showFog":false,"showMaterialUpdate":false,"showSkybox":false,"showFlares":false,"showImageEffects":false,"showParticleSystems":false},"in2DMode":false,"pivot":{"x":-16.917938232421876,"y":2.0617423057556154,"z":-3.004319190979004},"rotation":{"x":0.004784875083714724,"y":0.9857450127601624,"z":-0.02840660884976387,"w":0.16596360504627229},"size":7.227896690368652,"orthographic":false}