{"cameraMode":{"drawMode":0,"name":"Shaded","section":"Shading Mode"},"sceneLighting":false,"audioPlay":false,"sceneViewState":{"showFog":false,"showMaterialUpdate":false,"showSkybox":false,"showFlares":false,"showImageEffects":false,"showParticleSystems":false},"in2DMode":false,"pivot":{"x":0.14763951301574708,"y":2.0239062309265138,"z":6.744289398193359},"rotation":{"x":-0.000962639634963125,"y":-0.7268038988113403,"z":0.0008164207101799548,"w":0.6907674670219421},"size":22.0,"orthographic":false}